create database Event_Management_System;
use Event_Management_System;
CREATE TABLE Venue (
    venue_id INT PRIMARY KEY AUTO_INCREMENT,
    venue_name VARCHAR(100),
    address VARCHAR(255),
    city VARCHAR(50),
    capacity INT,
    contact_number VARCHAR(20),
    availability_status VARCHAR(20)
);
INSERT INTO Venue (venue_name, address, city, capacity, contact_number, availability_status) VALUES
('Grand Hall', '123 Main St', 'New York', 500, '1234567890', 'Available'),
('City Center', '456 Park Ave', 'Chicago', 300, '2345678901', 'Booked'),
('Sunset Arena', '789 Sunset Blvd', 'Los Angeles', 700, '3456789012', 'Available'),
('Moonlight Hall', '135 Elm St', 'Boston', 400, NULL, 'Available'),
('The Hub', '246 Market St', 'San Francisco', 350, '4567890123', 'Maintenance'),
('Oceanview Venue', '321 Ocean Dr', 'Miami', 250, '5678901234', 'Booked'),
('Skyline Venue', '1122 Tower Rd', 'Seattle', 450, '6789012345', 'Available'),
('Lakeside Pavilion', '902 Lakeview St', 'Orlando', 600, NULL, 'Available'),
('Greenfield Grounds', '33 Park Lane', 'Austin', 750, '7890123456', 'Booked'),
('Meadow Convention Center', '404 Grass Rd', 'Denver', 800, '8901234567', 'Available'),
('Metro Hall', '1212 Urban Blvd', 'Houston', 500, '9012345678', 'Available'),
('Downtown Plaza', '757 City Center', 'Phoenix', 300, NULL, 'Booked'),
('Central Park Dome', '88 Central Ave', 'New York', 650, '1029384756', 'Available'),
('Innovation Hub', '609 Tech St', 'San Jose', 500, '0192837465', 'Maintenance'),
('Pinewood Arena', '91 Forest Road', 'Portland', 550, '0192837465', 'Available'),
('Civic Center', '314 Democracy Ln', 'Columbus', 700, '4758693021', 'Booked'),
('Cultural Hall', '77 Heritage Way', 'Philadelphia', 450, '9283746501', NULL),
('Palm Garden Venue', '100 Palm Dr', 'San Diego', 300, NULL, 'Available'),
('Broadway Arena', '123 Show Blvd', 'New York', 1000, '4738291039', 'Booked'),
('Galaxy Center', '9 Universe Ln', 'Houston', 800, '7583940291', 'Available'),
('Tech Sphere', '17 Silicon Ave', 'Austin', 350, '8392013940', 'Maintenance'),
('Urban Convention Hub', '500 Modern Rd', 'San Francisco', 600, NULL, 'Available'),
('Maple Leaf Center', '700 Maple St', 'Toronto', 400, '8129384756', 'Available'),
('Freedom Venue', '1776 Liberty Ave', 'Washington', 850, '6728493021', 'Booked'),
('Sunrise Events Hall', '202 Morning St', 'Tampa', 375, '7638921043', 'Available');

CREATE TABLE Organizers (
    organizer_id INT PRIMARY KEY AUTO_INCREMENT,
    name VARCHAR(100),
    contact_number VARCHAR(20),
    email VARCHAR(100),
    organization_name VARCHAR(100),
    role VARCHAR(50),
    experience_years INT
);
INSERT INTO Organizers (name, contact_number, email, organization_name, role, experience_years) VALUES
('Alice Smith', '1234567890', 'alice@example.com', 'EventCorp', 'Manager', 5),
('Bob Johnson', '2345678901', NULL, 'MegaEvents', 'Coordinator', 3),
('Carol Davis', '3456789012', 'carol@example.com', 'FunTime Events', 'Assistant', 2),
('Dave Wilson', NULL, 'dave@example.com', 'PartyPeople', 'Manager', 6),
('Eve Taylor', '4567890123', 'eve@example.com', 'Celebrations Ltd', 'Director', 7),
('Frank Moore', '5678901234', 'frank@eventpros.com', 'EventPros', 'Planner', 4),
('Grace Lee', NULL, 'grace@example.com', 'Grand Gala Co.', 'Coordinator', 3),
('Hank Miller', '6789012345', 'hank@example.com', 'VividEvents', 'Technician', 2),
('Ivy Walker', '7890123456', 'ivy@hosthub.com', 'HostHub', 'Support', 1),
('Jake Turner', '8901234567', NULL, 'UrbanMeet', 'Organizer', 5),
('Karen White', '9012345678', 'karen@eliteevent.com', 'Elite Event Co.', 'Assistant', 3),
('Leo Green', '1029384756', 'leo@example.com', 'Eventopia', 'Manager', 6),
('Mona Ray', '0192837465', 'mona@events360.com', 'Events360', 'Director', 8),
('Ned King', '4758693021', NULL, 'PartyLine', 'Technician', 4),
('Olivia Hall', '9283746501', 'olivia@funtime.com', 'FunTime Events', 'Coordinator', 3),
('Paul Adams', NULL, 'paul@megashow.com', 'MegaShow', 'Manager', 7),
('Quincy Brooks', '4738291039', 'quincy@eventlive.com', 'EventLive', 'Assistant', 2),
('Rita Nash', '7583940291', NULL, 'NextGen Events', 'Planner', 3),
('Steve Lopez', '8392013940', 'steve@example.com', 'Light & Sound Co.', 'Technician', 5),
('Tina Gomez', '8129384756', 'tina@eventech.com', 'Eventech', 'Support', 2),
('Uma Clark', '6728493021', NULL, 'Eventify', 'Director', 6),
('Victor Ford', '7638921043', 'victor@example.com', 'Sparkle Events', 'Manager', 4),
('Wendy James', NULL, 'wendy@example.com', 'BrightFest', 'Planner', 3),
('Xavier Reid', '6738291940', 'xavier@example.com', 'Nova Events', 'Coordinator', 5),
('Yara Allen', '7359832456', NULL, 'Harmony Co.', 'Assistant', 1);

CREATE TABLE Audience (
    audience_id INT PRIMARY KEY AUTO_INCREMENT,
    name VARCHAR(100),
    email VARCHAR(100),
    phone VARCHAR(20),
    age INT,
    gender VARCHAR(10),
    city VARCHAR(50)
);
INSERT INTO Audience (name, email, phone, age, gender, city) VALUES
('John Doe', 'john@example.com', '1112223333', 28, 'Male', 'New York'),
('Jane Roe', 'jane@example.com', '2223334444', 25, 'Female', 'Boston'),
('Mike Lee', NULL, '3334445555', 30, 'Male', 'Chicago'),
('Emily White', 'emily@example.com', NULL, 27, 'Female', 'San Francisco'),
('Sam Green', 'sam@example.com', '5556667777', NULL, 'Non-binary', 'Los Angeles'),
('Alex Kim', 'alex.kim@example.com', '6667778888', 35, 'Male', 'Seattle'),
('Nina Patel', 'nina.patel@example.com', '7778889999', 22, 'Female', 'Austin'),
('Tom Brown', 'tom@example.com', '8889990000', 45, 'Male', 'Miami'),
('Olivia Adams', 'olivia@example.com', NULL, 31, 'Female', 'Houston'),
('Raj Singh', NULL, '9990001111', 26, 'Male', 'Denver'),
('Lily Evans', 'lily@example.com', '0001112222', 29, 'Female', 'New York'),
('Brian Cox', 'brian.cox@example.com', '1112223334', 33, NULL, 'Chicago'),
('Tara Liu', 'tara.liu@example.com', '2223334445', 21, 'Female', 'San Diego'),
('Chris Park', 'chris.park@example.com', NULL, 38, 'Male', 'Phoenix'),
('Rachel Zane', 'rachel@example.com', '3334445556', 27, 'Female', 'Philadelphia'),
('George King', NULL, '4445556667', 50, 'Male', 'Dallas'),
('Sophia Lin', 'sophia@example.com', '5556667778', NULL, 'Female', 'San Francisco'),
('Ethan Wood', 'ethan@example.com', '6667778889', 24, 'Male', 'Atlanta'),
('Maya Chen', 'maya@example.com', '7778889990', 36, 'Female', 'Seattle'),
('Ryan Scott', NULL, '8889990001', 41, 'Male', 'Orlando'),
('Angela Fox', 'angela@example.com', '9990001112', 29, NULL, 'Boston'),
('Danny Hall', 'danny@example.com', '0001112223', 34, 'Male', 'New York'),
('Priya Mehta', 'priya@example.com', '1112223335', 23, 'Female', NULL),
('Kevin Tran', NULL, '2223334446', 39, 'Male', 'Chicago'),
('Zoe Barnes', 'zoe@example.com', '3334445557', 28, 'Female', 'Los Angeles');

CREATE TABLE Events (
    event_id INT PRIMARY KEY AUTO_INCREMENT,
    event_name VARCHAR(100),
    event_date DATE,
    venue_id INT,
    organizer_id INT,
    description TEXT,
    category VARCHAR(50),
    FOREIGN KEY (venue_id) REFERENCES Venue(venue_id),
    FOREIGN KEY (organizer_id) REFERENCES Organizers(organizer_id)
);
INSERT INTO Events (event_name, event_date, venue_id, organizer_id, description, category) VALUES
('Tech Expo', '2025-06-15', 1, 1, 'A large-scale technology exhibition.', 'Technology'),
('Food Carnival', '2025-07-20', 2, 2, 'Culinary festival for food lovers.', 'Food'),
('Music Fest', '2025-08-10', 3, 3, 'Live performances by various bands.', 'Music'),
('Startup Pitch', '2025-09-05', 4, 4, 'Startups pitch to investors.', NULL),
('Art Fair', '2025-06-30', 5, 5, 'Showcasing visual arts and crafts.', 'Art'),
('Business Meet', '2025-07-01', 6, 6, NULL, 'Business'),
('Book Launch', '2025-06-20', 7, 7, 'Debut novel by a popular author.', 'Literature'),
('Comedy Night', '2025-08-15', 8, 8, 'Stand-up comedy show.', 'Entertainment'),
('Developer Conference', '2025-09-10', 9, 9, 'Tech talks and networking.', 'Technology'),
('Science Symposium', '2025-09-25', 10, 10, NULL, 'Science'),
('Gaming Expo', '2025-10-05', 11, 11, 'Gaming showcase and demos.', 'Gaming'),
('Fashion Show', '2025-07-15', 12, 12, 'Summer collection reveal.', 'Fashion'),
('Film Premiere', '2025-08-01', 13, 13, NULL, 'Cinema'),
('Wellness Retreat', '2025-10-10', 14, 14, 'Health and mindfulness sessions.', 'Wellness'),
('Education Fair', '2025-06-18', 15, 15, 'College and university booths.', 'Education'),
('Career Expo', '2025-07-22', 16, 16, 'Job openings and workshops.', 'Career'),
('Craft Workshop', '2025-09-12', 17, 17, 'Learn handmade crafts.', 'Art'),
('Photography Expo', '2025-09-30', 18, 18, NULL, 'Photography'),
('Dance Competition', '2025-08-18', 19, 19, 'Youth dance contest.', 'Entertainment'),
('Robotics Challenge', '2025-10-22', 20, 20, 'Student robotics projects.', 'Technology'),
('Literary Meetup', '2025-06-25', 21, 21, 'Writers share ideas.', 'Literature'),
('Wine Tasting', '2025-07-10', 22, 22, NULL, 'Food'),
('Mobile App Launch', '2025-08-12', 23, 23, 'Introducing a new productivity app.', 'Technology'),
('Pet Adoption Day', '2025-07-28', 24, 24, 'Adoptable pets from shelters.', 'Community'),
('Coding Bootcamp', '2025-09-01', 25, 25, 'Full-day coding session.', 'Education');

CREATE TABLE Ticket (
    ticket_id INT PRIMARY KEY AUTO_INCREMENT,
    ticket_type VARCHAR(50),
    price DECIMAL(10,2),
    event_id INT,
    availability INT,
    issue_date DATE,
    valid_until DATE,
    FOREIGN KEY (event_id) REFERENCES Events(event_id)
);
INSERT INTO Ticket (ticket_type, price, event_id, availability, issue_date, valid_until) VALUES
('VIP', 120.00, 1, 50, '2025-06-01', '2025-06-15'),
('Regular', 50.00, 2, 200, '2025-07-01', '2025-07-20'),
('Regular', 60.00, 3, 150, '2025-07-20', '2025-08-10'),
('VIP', 100.00, 4, 30, '2025-08-01', '2025-09-05'),
('Regular', 45.00, 5, 180, NULL, '2025-06-30'),
('Regular', 55.00, 6, 100, '2025-06-10', '2025-07-01'),
('VIP', 90.00, 7, 25, NULL, '2025-06-20'),
('Regular', 40.00, 8, 220, '2025-07-30', '2025-08-15'),
('VIP', 150.00, 9, 15, '2025-08-20', '2025-09-10'),
('Regular', 70.00, 10, 190, '2025-08-25', '2025-09-25'),
('VIP', 130.00, 11, 20, '2025-09-10', '2025-10-05'),
('Regular', 65.00, 12, 170, NULL, '2025-07-15'),
('VIP', 100.00, 13, 40, '2025-07-15', '2025-08-01'),
('Regular', 55.00, 14, 160, '2025-09-25', '2025-10-10'),
('VIP', 80.00, 15, 35, '2025-06-01', '2025-06-18'),
('Regular', 50.00, 16, 140, NULL, '2025-07-22'),
('VIP', 110.00, 17, 45, '2025-08-10', '2025-09-12'),
('Regular', 45.00, 18, 180, '2025-09-10', '2025-09-30'),
('VIP', 120.00, 19, 50, '2025-08-01', '2025-08-18'),
('Regular', 60.00, 20, 200, NULL, '2025-10-22'),
('Regular', 65.00, 21, 150, '2025-06-15', '2025-06-25'),
('VIP', 95.00, 22, 40, '2025-06-30', '2025-07-10'),
('Regular', 40.00, 23, 180, '2025-07-30', '2025-08-12'),
('VIP', 100.00, 24, 60, NULL, '2025-07-28'),
('Regular', 50.00, 25, 160, '2025-08-15', '2025-09-01');

CREATE TABLE Sponsors (
    sponsor_id INT PRIMARY KEY AUTO_INCREMENT,
    sponsor_name VARCHAR(100),
    contact_person VARCHAR(100),
    email VARCHAR(100),
    phone VARCHAR(20),
    sponsorship_amount DECIMAL(10,2),
    event_id INT,
    FOREIGN KEY (event_id) REFERENCES Events(event_id)
);
INSERT INTO Sponsors (sponsor_name, contact_person, email, phone, sponsorship_amount, event_id) VALUES
('TechCorp', 'Alice Johnson', 'alice.johnson@techcorp.com', '123-456-7890', 5000.00, 1),
('GreenEnergy', 'Bob Smith', 'bob.smith@greenenergy.com', '234-567-8901', 7500.00, 2),
('HealthPlus', 'Clara Lee', 'clara.lee@healthplus.com', '345-678-9012', 3000.00, 3),
('EduSmart', 'David Kim', 'david.kim@edusmart.com', '456-789-0123', 4500.00, 4),
('Foodies Inc.', 'Eva Brown', 'eva.brown@foodies.com', '567-890-1234', 2500.00, 5),
('AutoDrive', 'Frank Green', 'frank.green@autodrive.com', '678-901-2345', 6000.00, 6),
('FashionHub', 'Grace White', 'grace.white@fashionhub.com', '789-012-3456', 4000.00, 7),
('HomeComfort', 'Henry Black', 'henry.black@homecomfort.com', '890-123-4567', 3500.00, 8),
('TravelX', 'Isabel Clark', 'isabel.clark@travelx.com', '901-234-5678', 8000.00, 9),
('SportsGear', 'Jack Davis', 'jack.davis@sportsgear.com', '012-345-6789', 7000.00, 10),
('MusicWave', 'Karen Scott', 'karen.scott@musicwave.com', '123-456-7891', 5500.00, 11),
('CleanAir', 'Liam Martinez', 'liam.martinez@cleanair.com', '234-567-8902', 3200.00, 12),
('BrightLights', 'Mia Turner', 'mia.turner@brightlights.com', '345-678-9013', 4700.00, 13),
('SmartHome', 'Noah Walker', 'noah.walker@smarthome.com', '456-789-0124', 3800.00, 14),
('EcoLiving', 'Olivia Young', 'olivia.young@ecoliving.com', '567-890-1235', 4200.00, 15),
('UrbanStyle', 'Paul Harris', 'paul.harris@urbanstyle.com', '678-901-2346', 2900.00, 16),
('TechWave', 'Quinn Adams', 'quinn.adams@techwave.com', '789-012-3457', 5300.00, 17),
('FitLife', 'Rachel Nelson', 'rachel.nelson@fitlife.com', '890-123-4568', 3100.00, 18),
('BrightFuture', 'Sam Peterson', 'sam.peterson@brightfuture.com', '901-234-5679', 4400.00, 19),
('FreshFoods', 'Tina Rogers', 'tina.rogers@freshfoods.com', '012-345-6790', 3600.00, 20),
('HomeTech', 'Uma Bennett', 'uma.bennett@hometech.com', '123-456-7892', 4100.00, 21),
('SolarNext', 'Victor Collins', 'victor.collins@solarnext.com', '234-567-8903', 5800.00, 22),
('BlueOcean', 'Wendy Foster', 'wendy.foster@blueocean.com', '345-678-9014', 4900.00, 23),
('AutoMax', 'Xavier Garcia', 'xavier.garcia@automax.com', '456-789-0125', 3700.00, 24),
('GreenGrow', 'Yara Hughes', 'yara.hughes@greengrow.com', '567-890-1236', 4600.00, 25);

CREATE TABLE Registration (
    registration_id INT PRIMARY KEY AUTO_INCREMENT,
    audience_id INT,
    event_id INT,
    registration_date DATE,
    ticket_id INT,
    status VARCHAR(20),
    comments TEXT,
    FOREIGN KEY (audience_id) REFERENCES Audience(audience_id),
    FOREIGN KEY (event_id) REFERENCES Events(event_id),
    FOREIGN KEY (ticket_id) REFERENCES Ticket(ticket_id)
);
INSERT INTO Registration (audience_id, event_id, registration_date, ticket_id, status, comments) VALUES
(1, 1, '2025-05-01', 1, 'Confirmed', 'Looking forward to it!'),
(2, 2, '2025-05-03', 2, 'Pending', NULL),
(3, 3, '2025-05-05', 3, 'Confirmed', 'VIP pass requested.'),
(4, 4, '2025-05-07', 4, 'Cancelled', 'Schedule conflict.'),
(5, 5, '2025-05-10', 5, 'Confirmed', NULL),
(6, 6, '2025-05-12', 6, 'Confirmed', 'Group registration.'),
(7, 7, '2025-05-14', 7, 'Pending', NULL),
(8, 8, '2025-05-15', 8, 'Confirmed', 'Paid in cash.'),
(9, 9, '2025-05-17', 9, 'Cancelled', 'Refund requested.'),
(10, 10, '2025-05-20', 10, 'Confirmed', NULL),
(11, 11, '2025-05-21', 11, 'Confirmed', 'Will attend with guest.'),
(12, 12, '2025-05-23', 12, 'Pending', NULL),
(13, 13, '2025-05-25', 13, 'Confirmed', 'Needs wheelchair access.'),
(14, 14, '2025-05-27', 14, 'Confirmed', NULL),
(15, 15, '2025-05-28', 15, 'Cancelled', 'Unable to travel.'),
(16, 16, '2025-05-29', 16, 'Confirmed', 'Returning participant.'),
(17, 17, '2025-06-01', 17, 'Confirmed', NULL),
(18, 18, '2025-06-02', 18, 'Pending', NULL),
(19, 19, '2025-06-04', 19, 'Confirmed', 'Requested front row seat.'),
(20, 20, '2025-06-06', 20, 'Confirmed', NULL),
(21, 21, '2025-06-08', 21, 'Confirmed', NULL),
(22, 22, '2025-06-09', 22, 'Pending', 'Payment pending.'),
(23, 23, '2025-06-10', 23, 'Confirmed', NULL),
(24, 24, '2025-06-12', 24, 'Confirmed', 'Excited!'),
(25, 25, '2025-06-14', 25, 'Cancelled', 'Event postponed.');

CREATE TABLE Payment (
    payment_id INT PRIMARY KEY AUTO_INCREMENT,
    registration_id INT,
    amount DECIMAL(10,2),
    payment_method VARCHAR(50),
    payment_date DATE,
    status VARCHAR(20),
    notes TEXT,
    FOREIGN KEY (registration_id) REFERENCES Registration(registration_id)
);
INSERT INTO Payment (registration_id, amount, payment_method, payment_date, status, notes) VALUES
(1, 120.00, 'Credit Card', '2025-05-02', 'Completed', 'Paid in full'),
(2, 50.00, 'Cash', '2025-05-04', 'Pending', 'Waiting confirmation'),
(3, 60.00, 'Credit Card', '2025-05-06', 'Completed', NULL),
(4, 0.00, NULL, NULL, 'Cancelled', 'Registration cancelled'),
(5, 45.00, 'Debit Card', '2025-05-11', 'Completed', NULL),
(6, 55.00, 'UPI', '2025-05-13', 'Completed', 'Group payment'),
(7, 90.00, NULL, NULL, 'Pending', 'Awaiting payment'),
(8, 40.00, 'Cash', '2025-05-16', 'Completed', NULL),
(9, 0.00, NULL, NULL, 'Refunded', 'Refund processed'),
(10, 70.00, 'Credit Card', '2025-05-21', 'Completed', NULL),
(11, 130.00, 'Debit Card', '2025-05-22', 'Completed', 'Paid by guest'),
(12, 65.00, 'UPI', NULL, 'Pending', 'Partial payment'),
(13, 100.00, 'Credit Card', '2025-05-26', 'Completed', NULL),
(14, 55.00, 'Debit Card', '2025-05-28', 'Completed', NULL),
(15, 0.00, NULL, NULL, 'Cancelled', 'Registration cancelled'),
(16, 50.00, 'Cash', '2025-05-30', 'Completed', NULL),
(17, 110.00, 'Credit Card', '2025-06-02', 'Completed', NULL),
(18, 45.00, 'UPI', NULL, 'Pending', 'Awaiting payment'),
(19, 120.00, 'Debit Card', '2025-06-05', 'Completed', NULL),
(20, 60.00, 'Credit Card', '2025-06-07', 'Completed', NULL),
(21, 65.00, 'Cash', '2025-06-09', 'Completed', NULL),
(22, 95.00, NULL, NULL, 'Pending', 'Payment due'),
(23, 40.00, 'Credit Card', '2025-06-11', 'Completed', NULL),
(24, 100.00, 'Debit Card', '2025-06-13', 'Completed', NULL),
(25, 0.00, NULL, NULL, 'Cancelled', 'Event postponed, refunded');
